{
  "course": 1,
  "id": 2917654842,
  "name": "IU8-22",
  "students": [
    {
      "ID": 30129024,
      "course": 1,
      "grades": {
        "AL": 5,
        "Mathematics": 5,
        "Physics": 3
      },
      "group_name": "IU8-22",
      "last_name": "AArname",
      "middle_name": "Ab",
      "name": "Alik"
    },
    {
      "ID": 1980867,
      "course": 1,
      "grades": {
        "AL": 5,
        "Math": 3,
        "Physics": 5
      },
      "group_name": "IU8-22",
      "last_name": "AArname",
      "middle_name": "Ac",
      "name": "Jack"
    }
  ],
  "subjects": [
    "Math",
    "Physics",
    "AL"
  ]
}